,City,Country_Code,Input_Lat,Input_Lon,Actual_Lat,Actual_Lon,MaxTemp,Humidity,Cloudiness,Wind_Speed,Date_Time,Hemisphere
0,hobart,AU,-73,138,-42.8794,147.3294,55.4,71,98,9.22,5/1/2021 - 9:16:29,Southern
1,albany,US,-78,98,42.6001,-73.9662,41,70,23,1.01,5/1/2021 - 9:16:30,Northern
2,esperance,AU,-29,124,-33.8667,121.9,55.4,88,5,5.75,5/1/2021 - 9:18:26,Southern
3,dikson,RU,72,75,73.5069,80.5464,24.85,88,94,7.83,5/1/2021 - 9:17:38,Northern
5,hilo,US,34,-143,19.7297,-155.09,69.8,73,40,4.61,5/1/2021 - 9:17:0,Northern
6,pisco,PE,-21,-90,-13.7,-76.2167,71.6,73,10,2.3,5/1/2021 - 9:16:59,Southern
7,hambantota,LK,1,86,6.1241,81.1185,82.4,94,40,2.3,5/1/2021 - 9:18:46,Northern
9,rikitea,PF,-26,-113,-23.1203,-134.9692,76.35,83,71,12.57,5/1/2021 - 9:16:31,Southern
10,kahului,US,22,-155,20.8947,-156.47,69.01,89,2,7,5/1/2021 - 9:17:4,Northern
11,biggar,GB,52,-108,55.6167,-3.5167,53.01,57,40,10.36,5/1/2021 - 9:17:29,Northern
12,abu samrah,SY,24,51,35.3029,37.1841,84.72,18,51,26.42,5/1/2021 - 9:17:54,Northern
15,san cristobal,VE,2,-86,7.7669,-72.225,78.8,73,40,4.61,5/1/2021 - 9:18:48,Northern
16,ishigaki,JP,22,124,24.3448,124.1572,76.32,82,100,0.85,5/1/2021 - 9:18:48,Northern
17,khatanga,RU,77,108,71.9667,102.5,22.57,91,72,5.82,5/1/2021 - 9:16:48,Northern
18,vaini,TO,-29,-175,-21.2,-175.2,75.2,94,20,12.66,5/1/2021 - 9:16:57,Southern
19,verkhoyansk,RU,70,133,67.5447,133.385,30.36,81,100,1.01,5/1/2021 - 9:18:48,Northern
20,spornoye,RU,62,151,50.8448,37.2913,68,32,0,11.18,5/1/2021 - 9:18:49,Northern
21,vilhena,BR,-13,-60,-12.7406,-60.1458,80.6,69,0,9.22,5/1/2021 - 9:16:54,Southern
22,kapaa,US,16,-172,22.0752,-159.319,73.4,83,75,12.66,5/1/2021 - 9:16:45,Northern
23,samarai,PG,-16,155,-10.6167,150.6667,79.66,81,52,9.35,5/1/2021 - 9:18:49,Southern
24,tiksi,RU,70,129,71.6872,128.8694,19.49,98,89,3.47,5/1/2021 - 9:16:54,Northern
25,klaksvik,FO,74,-1,62.2266,-6.589,41,65,75,4.61,5/1/2021 - 9:18:50,Northern
27,seoul,KR,36,128,37.5683,126.9778,48.2,87,75,6.91,5/1/2021 - 9:14:29,Northern
28,carnarvon,AU,-27,112,-24.8667,113.6333,69.8,68,100,10.36,5/1/2021 - 9:16:28,Southern
29,qaanaaq,GL,79,-85,77.484,-69.3632,33.91,63,100,6.93,5/1/2021 - 9:16:30,Northern
30,new norfolk,AU,-89,120,-42.7826,147.0587,55,63,99,3.09,5/1/2021 - 9:16:31,Southern
32,saint-andre-avellin,CA,46,-75,45.7168,-75.066,39.99,38,40,10.36,5/1/2021 - 9:18:51,Northern
33,thompson,CA,60,-94,55.7435,-97.8558,19.4,86,90,10.36,5/1/2021 - 9:16:52,Northern
34,kavaratti,IN,13,64,10.5669,72.642,85.78,68,14,2.33,5/1/2021 - 9:18:1,Northern
35,alappuzha,IN,9,75,9.49,76.3264,88,66,21,8.52,5/1/2021 - 9:18:51,Northern
36,hermanus,ZA,-74,13,-34.4187,19.2345,73.99,44,4,3,5/1/2021 - 9:16:33,Southern
38,avarua,CK,-38,-159,-21.2078,-159.775,77,83,40,6.91,5/1/2021 - 9:16:53,Southern
39,mahebourg,MU,-53,78,-20.4081,57.7,77,88,40,10.38,5/1/2021 - 9:17:42,Southern
40,mar del plata,AR,-51,-46,-38.0023,-57.5575,62.01,100,0,14.97,5/1/2021 - 9:17:12,Southern
41,busselton,AU,-54,92,-33.65,115.3333,59,93,83,2.73,5/1/2021 - 9:16:27,Southern
43,cherskiy,RU,87,159,68.75,161.3,-0.09,99,18,2.53,5/1/2021 - 9:17:32,Northern
47,hithadhoo,MV,-3,75,-0.6,73.0833,84.85,68,99,7.49,5/1/2021 - 9:16:40,Southern
48,shenjiamen,CN,29,124,29.9576,122.298,58.66,84,0,7.52,5/1/2021 - 9:18:53,Northern
50,igarka,RU,68,86,67.4667,86.5833,32.92,96,100,8.43,5/1/2021 - 9:18:53,Northern
52,punta arenas,CL,-72,-92,-53.15,-70.9167,39.2,87,40,4.61,5/1/2021 - 9:12:20,Southern
54,bredasdorp,ZA,-47,20,-34.5322,20.0403,66.2,52,0,9.22,5/1/2021 - 9:16:59,Southern
56,alofi,NU,-24,-168,-19.0595,-169.9187,75.2,100,36,3.44,5/1/2021 - 9:18:54,Southern
58,norman wells,CA,69,-122,65.282,-126.8329,28.4,74,20,2.3,5/1/2021 - 9:16:51,Northern
59,bambous virieux,MU,-35,78,-20.3428,57.7575,78.01,88,40,10.2,5/1/2021 - 9:17:3,Southern
62,brae,GB,69,-1,60.3964,-1.353,42.8,70,90,4.61,5/1/2021 - 9:16:28,Northern
63,sao joao da barra,BR,-33,-23,-21.6403,-41.0511,75.2,73,40,9.22,5/1/2021 - 9:18:55,Southern
64,bluff,NZ,-72,168,-46.6,168.3333,44.01,87,4,4,5/1/2021 - 9:16:58,Southern
65,kysyl-syr,RU,62,123,63.8986,122.7617,34.7,98,100,5.86,5/1/2021 - 9:18:55,Northern
66,severo-kurilsk,RU,45,156,50.6789,156.125,35.82,97,100,21.85,5/1/2021 - 9:17:41,Northern
67,yeppoon,AU,-19,155,-23.1333,150.7333,68,77,40,9.22,5/1/2021 - 9:18:56,Southern
68,codrington,AU,26,-57,-38.2667,141.9667,64.22,47,72,13.11,5/1/2021 - 9:18:22,Southern
69,oksfjord,NO,73,22,70.2396,22.3479,33.8,60,75,18.41,5/1/2021 - 9:18:56,Northern
70,luganville,VU,-14,164,-15.5333,167.1667,76.91,86,100,5.68,5/1/2021 - 9:18:56,Southern
72,georgetown,MY,-9,-15,5.4112,100.3354,82.4,89,20,5.75,5/1/2021 - 9:18:23,Northern
73,torbay,CA,39,-52,47.6666,-52.7314,55,82,75,27.63,5/1/2021 - 9:17:15,Northern
74,viedma,AR,-44,-60,-40.8135,-62.9967,70.63,34,95,10.87,5/1/2021 - 9:17:21,Southern
77,saskylakh,RU,88,115,71.9167,114.0833,31.57,97,100,4.05,5/1/2021 - 9:17:13,Northern
79,port lincoln,AU,-36,135,-34.7333,135.8667,60.4,73,0,14.79,5/1/2021 - 9:18:58,Southern
80,chara,RU,56,118,56.9064,118.2631,34.52,82,100,0.94,5/1/2021 - 9:18:58,Northern
82,mahdalynivka,UA,49,35,48.921,34.9156,75.2,31,0,6.71,5/1/2021 - 9:18:58,Northern
84,atuona,PF,3,-129,-9.8,-139.0333,78.12,73,19,3.04,5/1/2021 - 9:15:15,Southern
85,tuktoyaktuk,CA,78,-137,69.4541,-133.0374,5,92,75,8.05,5/1/2021 - 9:17:5,Northern
86,fomboni,KM,-14,43,-12.28,43.7425,83.37,72,4,5.73,5/1/2021 - 9:18:59,Southern
87,hirara,JP,23,126,24.8,125.2833,76.05,77,100,3.96,5/1/2021 - 9:17:6,Northern
91,ilulissat,GL,72,-52,69.2167,-51.1,37.4,52,20,8.05,5/1/2021 - 9:17:0,Northern
93,nanortalik,GL,56,-41,60.1432,-45.2371,40.35,58,52,9.69,5/1/2021 - 9:17:46,Northern
94,kodiak,US,47,-156,57.79,-152.4072,30.2,86,1,6.91,5/1/2021 - 9:18:13,Northern
95,yagodnoye,RU,62,150,62.55,149.6667,27.14,97,100,1.23,5/1/2021 - 9:19:0,Northern
96,padang,ID,-10,87,-0.9492,100.3543,77,94,40,2.3,5/1/2021 - 9:18:27,Southern
97,kavieng,PG,15,157,-2.5744,150.7967,82.44,74,81,5.28,5/1/2021 - 9:19:1,Southern
98,mataura,NZ,-83,-148,-46.1927,168.8643,44.01,87,1,4,5/1/2021 - 9:16:35,Southern
100,waingapu,ID,-12,119,-9.6567,120.2641,78.37,81,27,8.03,5/1/2021 - 9:19:1,Southern
101,muroto,JP,30,135,33.2833,134.15,59.86,60,0,33.96,5/1/2021 - 9:16:52,Northern
104,drovyanaya,RU,51,113,51.5833,113.0333,46.4,53,100,8.95,5/1/2021 - 9:19:2,Northern
105,upernavik,GL,88,-52,72.7868,-56.1549,32.34,72,82,4.41,5/1/2021 - 9:17:4,Northern
106,grindavik,IS,54,-30,63.8424,-22.4338,41,48,40,18.41,5/1/2021 - 9:17:38,Northern
107,puerto ayora,EC,5,-89,-0.7393,-90.3518,77,83,0,13.8,5/1/2021 - 9:16:46,Southern
108,souillac,MU,-55,77,-20.5167,57.5167,77,88,40,9.04,5/1/2021 - 9:17:2,Southern
113,dubai,AE,25,55,25.2582,55.3047,89.6,37,0,13.8,5/1/2021 - 9:16:41,Northern
114,jieshou,CN,33,115,33.2634,115.3611,63.39,51,2,8.43,5/1/2021 - 9:19:3,Northern
115,nueva gerona,CU,22,-83,21.8833,-82.8,83.1,61,19,3.38,5/1/2021 - 9:19:4,Northern
116,kuryk,KZ,42,51,43.2,51.65,72.32,41,100,6.67,5/1/2021 - 9:18:42,Northern
117,westport,US,-38,167,41.1415,-73.3579,53.01,46,1,19.57,5/1/2021 - 9:14:35,Northern
118,cidreira,BR,-61,-20,-30.1811,-50.2056,70.72,58,0,13.67,5/1/2021 - 9:18:24,Southern
123,ribeira grande,PT,43,-33,38.5167,-28.7,60.8,94,75,20.71,5/1/2021 - 9:16:43,Northern
124,lodja,CD,-3,24,-3.4833,23.4333,83.86,56,100,3.13,5/1/2021 - 9:19:5,Southern
127,ponta do sol,PT,19,-40,32.6667,-17.1,66.2,55,40,16.11,5/1/2021 - 9:16:41,Northern
128,adelaide,AU,-33,26,-34.9333,138.6,64.99,88,75,8.05,5/1/2021 - 9:15:6,Southern
130,srednekolymsk,RU,71,153,67.45,153.6833,8.89,94,5,5.73,5/1/2021 - 9:19:6,Northern
131,ushuaia,AR,-78,-61,-54.8,-68.3,41,81,75,0.92,5/1/2021 - 9:15:19,Southern
132,clyde river,CA,71,-64,70.4692,-68.5914,15.8,100,1,2.3,5/1/2021 - 9:17:4,Northern
133,laguna,US,-35,-40,38.421,-121.4238,54,87,1,4.61,5/1/2021 - 9:16:38,Northern
134,cape town,ZA,-39,12,-33.9258,18.4232,69.8,43,0,10.36,5/1/2021 - 9:15:1,Southern
135,butaritari,KI,14,160,3.0707,172.7902,82.63,75,100,8.93,5/1/2021 - 9:17:44,Northern
137,kaitangata,NZ,-84,178,-46.2817,169.8464,52,72,2,5.99,5/1/2021 - 9:17:57,Southern
138,margate,GB,-33,33,51.3813,1.3862,54,51,2,1.01,5/1/2021 - 9:17:27,Northern
140,hasaki,JP,26,161,35.7333,140.8333,60.8,94,75,13.8,5/1/2021 - 9:18:9,Northern
141,hoopstad,ZA,-28,26,-27.8327,25.9083,66.7,32,4,5.59,5/1/2021 - 9:19:7,Southern
143,gatbo,PH,13,124,13.5833,123.3833,74.53,86,41,3.49,5/1/2021 - 9:19:7,Northern
145,chokurdakh,RU,80,145,70.6333,147.9167,0.97,99,20,4.09,5/1/2021 - 9:17:18,Northern
149,tabou,CI,1,-6,4.423,-7.3528,83.89,74,100,11.21,5/1/2021 - 9:19:8,Northern
150,lompoc,US,29,-125,34.6391,-120.4579,50,100,90,9.22,5/1/2021 - 9:18:26,Northern
151,saint-philippe,RE,-50,65,-21.3585,55.7679,80.6,74,75,4.61,5/1/2021 - 9:17:8,Southern
152,salalah,OM,11,62,17.0151,54.0924,86,74,75,10.36,5/1/2021 - 9:17:10,Northern
155,rock springs,US,42,-109,41.5875,-109.2029,53.6,35,1,5.75,5/1/2021 - 9:19:8,Northern
156,jamestown,US,-26,-6,42.097,-79.2353,46,48,1,4.61,5/1/2021 - 9:15:33,Northern
159,hualmay,PE,-12,-79,-11.0964,-77.6139,69.08,81,86,6.71,5/1/2021 - 9:17:44,Southern
161,atar,MR,22,-9,20.5169,-13.0499,94.55,13,0,5.44,5/1/2021 - 9:19:10,Northern
163,bonavista,CA,52,-52,48.6499,-53.1147,50,100,99,5.75,5/1/2021 - 9:16:46,Northern
164,saint george,US,34,-56,37.1041,-113.5841,62.6,36,1,3.04,5/1/2021 - 9:15:6,Northern
165,ancud,CL,-42,-93,-41.8697,-73.8203,55,94,75,4.61,5/1/2021 - 9:19:10,Southern
167,kulhudhuffushi,MV,7,70,6.6221,73.07,84.45,71,58,6.49,5/1/2021 - 9:19:11,Northern
170,matay,EG,27,28,28.419,30.7792,103.01,6,1,22.44,5/1/2021 - 9:19:11,Northern
174,yellowknife,CA,88,-106,62.456,-114.3525,21,73,75,12.66,5/1/2021 - 9:16:0,Northern
176,venustiano carranza,MX,25,-103,19.43,-99.0992,64.4,68,1,2.04,5/1/2021 - 9:19:12,Northern
179,mehamn,NO,85,29,71.0357,27.8492,34.68,74,89,16.08,5/1/2021 - 9:18:29,Northern
181,manggar,ID,-3,109,-2.8833,108.2667,82.38,76,53,5.57,5/1/2021 - 9:19:13,Southern
182,castro,BR,-46,-87,-24.7911,-50.0119,64.94,68,56,7.87,5/1/2021 - 9:17:17,Southern
183,guerrero negro,MX,21,-120,27.9769,-114.0611,62.62,80,6,5.03,5/1/2021 - 9:19:13,Northern
185,weligama,LK,4,80,5.9667,80.4167,81.3,79,86,4.25,5/1/2021 - 9:19:14,Northern
186,altay,CN,48,87,47.8667,88.1167,45.59,50,5,13.8,5/1/2021 - 9:18:14,Northern
192,san patricio,US,3,-115,28.017,-97.5169,75.2,94,75,12.66,5/1/2021 - 9:17:14,Northern
195,huilong,CN,32,122,31.8111,121.655,64,81,52,3,5/1/2021 - 9:19:15,Northern
196,merauke,ID,-8,140,-8.4667,140.3333,77.88,86,22,12.88,5/1/2021 - 9:19:15,Southern
198,nikolskoye,RU,53,167,59.7035,30.7861,45,49,0,17.9,5/1/2021 - 9:16:49,Northern
201,sinnamary,GF,12,-48,5.3833,-52.95,80.01,83,99,5.93,5/1/2021 - 9:17:58,Northern
203,lebu,CL,-37,-75,-37.6167,-73.65,55.81,93,100,13.06,5/1/2021 - 9:16:36,Southern
204,vanavara,RU,61,104,60.34,102.2797,30.43,95,10,3.89,5/1/2021 - 9:19:16,Northern
209,ostrovnoy,RU,79,43,68.0531,39.5131,27.77,68,100,12.57,5/1/2021 - 9:17:49,Northern
210,luderitz,NA,-26,10,-26.6481,15.1594,77.22,36,0,10.4,5/1/2021 - 9:19:17,Southern
213,dzerzhinsk,RU,54,27,56.2389,43.4631,51.8,58,75,11.18,5/1/2021 - 9:19:18,Northern
217,victoria,HK,-1,63,22.2855,114.1577,80.01,77,92,5.91,5/1/2021 - 9:15:52,Northern
218,tsuyama,JP,35,134,35.05,134,55.99,67,37,13,5/1/2021 - 9:19:19,Northern
219,xapuri,BR,-10,-69,-10.6517,-68.5044,78.8,73,40,4.61,5/1/2021 - 9:19:19,Southern
221,pemangkat,ID,2,107,1.1667,108.9667,80.87,81,99,8.43,5/1/2021 - 9:19:19,Northern
223,linhares,BR,-20,-39,-19.3911,-40.0722,78.51,55,100,9.6,5/1/2021 - 9:19:20,Southern
224,talnakh,RU,75,92,69.4865,88.3972,20.7,88,36,3.31,5/1/2021 - 9:19:20,Northern
225,dingle,PH,49,-16,10.9995,122.6711,78.66,80,10,6.91,5/1/2021 - 9:18:25,Northern
233,wanning,CN,17,110,18.8003,110.3967,79.34,87,36,6.76,5/1/2021 - 9:19:21,Northern
235,ramshir,IR,31,49,30.8946,49.4092,96.8,24,0,11.5,5/1/2021 - 9:19:22,Northern
236,slave lake,CA,56,-114,55.2834,-114.769,42.8,65,90,8.05,5/1/2021 - 9:19:22,Northern
238,inirida,CO,2,-68,3.8653,-67.9239,78.64,79,100,1.05,5/1/2021 - 9:18:34,Northern
239,havelock,US,31,-75,34.8791,-76.9013,63,31,1,13.8,5/1/2021 - 9:19:12,Northern
241,te anau,NZ,-44,160,-45.4167,167.7167,39.54,87,14,1.05,5/1/2021 - 9:17:13,Southern
242,caravelas,BR,-21,-33,-17.7125,-39.2481,77.56,68,100,12.26,5/1/2021 - 9:16:54,Southern
244,valparaiso,CL,-31,-80,-33.0393,-71.6273,57.2,72,0,2.3,5/1/2021 - 9:19:23,Southern
248,narsaq,GL,89,-59,60.9167,-46.05,50,20,1,29.93,5/1/2021 - 9:16:31,Northern
254,penzance,GB,50,-6,50.1186,-5.5371,51.8,58,20,13.8,5/1/2021 - 9:19:24,Northern
255,lebyazhye,RU,60,29,55.2689,66.4947,57.92,28,22,11.18,5/1/2021 - 9:19:25,Northern
256,mbale,UG,1,34,1.0821,34.175,76.3,74,75,1.5,5/1/2021 - 9:19:25,Northern
257,nisia floresta,BR,-3,-25,-6.0911,-35.2086,87.8,54,75,20.71,5/1/2021 - 9:19:25,Southern
259,lagoa,PT,49,-34,39.05,-27.9833,59.76,86,100,13.89,5/1/2021 - 9:18:31,Northern
261,suntar,RU,61,117,62.1444,117.6319,35.13,98,100,3.6,5/1/2021 - 9:19:26,Northern
263,bengkulu,ID,-12,95,-3.8004,102.2655,78.82,87,91,3.98,5/1/2021 - 9:16:47,Southern
268,nizhniy ufaley,RU,56,60,55.9153,59.9842,55.6,45,95,13.51,5/1/2021 - 9:19:27,Northern
273,yulara,AU,-30,128,-25.2406,130.9889,62.6,31,96,5.75,5/1/2021 - 9:19:28,Southern
274,cukai,MY,4,106,4.25,103.4167,80.01,94,91,1.48,5/1/2021 - 9:17:17,Northern
278,cowra,AU,-34,149,-33.8333,148.6833,53.01,89,100,1.01,5/1/2021 - 9:19:28,Southern
279,korla,CN,41,87,41.7597,86.1469,74.8,23,80,16.6,5/1/2021 - 9:19:29,Northern
281,longyearbyen,SJ,87,28,78.2186,15.6401,19.4,58,20,10.36,5/1/2021 - 9:19:29,Northern
283,ales,FR,44,4,44.1333,4.0833,52,93,100,1.99,5/1/2021 - 9:19:29,Northern
290,ferrol,ES,46,-10,43.4832,-8.2369,57,10,16,18.99,5/1/2021 - 9:19:30,Northern
291,berlevag,NO,89,34,70.8578,29.0864,34.83,79,100,14.92,5/1/2021 - 9:16:38,Northern
293,east london,ZA,-38,31,-33.0153,27.9116,68,64,0,8.05,5/1/2021 - 9:17:26,Southern
294,namatanai,PG,0,155,-3.6667,152.4333,79.38,79,95,2.98,5/1/2021 - 9:18:7,Southern
296,caticlan,PH,12,122,11.9334,121.9598,82.22,79,5,10.27,5/1/2021 - 9:19:31,Northern
299,valladolid,ES,42,-5,41.5833,-4.6667,53.01,71,40,3.44,5/1/2021 - 9:19:32,Northern
300,acajutla,SV,7,-92,13.5928,-89.8275,71.01,100,20,2.62,5/1/2021 - 9:16:57,Northern
301,yumen,CN,42,97,40.2833,97.2,74.07,7,100,16.37,5/1/2021 - 9:19:32,Northern
304,fortuna,US,33,-141,40.5982,-124.1573,53.01,100,90,3,5/1/2021 - 9:16:32,Northern
309,manokwari,ID,-3,133,-0.8667,134.0833,79.83,81,100,6.78,5/1/2021 - 9:18:12,Southern
310,tansen,NP,28,83,27.8673,83.5467,62.13,71,91,8.03,5/1/2021 - 9:17:13,Northern
312,seymchan,RU,63,154,62.8833,152.4333,28.56,97,100,0.2,5/1/2021 - 9:19:34,Northern
313,nemuro,JP,33,154,43.3236,145.575,37.98,86,32,3.11,5/1/2021 - 9:19:34,Northern
318,noumea,NC,-25,165,-22.2763,166.4572,77,88,40,3.44,5/1/2021 - 9:18:19,Southern
319,marawi,PH,19,31,7.9986,124.2928,79,86,100,5.99,5/1/2021 - 9:19:35,Northern
320,vao,NC,-27,173,-22.6667,167.4833,74.16,76,69,21.61,5/1/2021 - 9:18:13,Southern
322,alta floresta,BR,-9,-58,-9.8756,-56.0861,87.8,70,20,3.44,5/1/2021 - 9:19:35,Southern
327,gat,IL,27,9,31.61,34.7642,81,29,18,1.01,5/1/2021 - 9:18:22,Northern
330,tessalit,ML,23,4,20.1986,1.0114,101.19,14,4,14.81,5/1/2021 - 9:19:37,Northern
332,micheweni,TZ,-5,43,-4.9667,39.8333,83.12,73,97,9.1,5/1/2021 - 9:19:37,Southern
335,cayenne,GF,7,-50,4.9333,-52.3333,86,70,75,6.91,5/1/2021 - 9:19:38,Northern
338,urambo,TZ,-5,32,-5.0667,32.05,73.87,80,97,0.78,5/1/2021 - 9:19:38,Southern
339,astana,KZ,50,71,51.1801,71.446,55.4,21,0,6.71,5/1/2021 - 9:19:39,Northern
341,jiwani,PK,24,61,25.05,61.7417,85.06,63,3,12.77,5/1/2021 - 9:19:39,Northern
342,juneau,US,58,-135,58.3019,-134.4197,41,87,75,4.61,5/1/2021 - 9:17:33,Northern
343,constitucion,CL,13,-125,-35.3333,-72.4167,54.28,96,100,7.11,5/1/2021 - 9:18:38,Southern
344,champerico,GT,10,-94,14.3,-91.9167,80.6,78,40,1.48,5/1/2021 - 9:19:40,Northern
347,faanui,PF,-8,-151,-16.4833,-151.75,80.49,69,98,5.88,5/1/2021 - 9:18:2,Southern
348,sitka,US,51,-143,57.0531,-135.33,42.8,87,40,4.61,5/1/2021 - 9:18:3,Northern
349,boa vista,BR,2,-60,2.8197,-60.6733,84.2,65,75,9.22,5/1/2021 - 9:19:40,Northern
351,oyama,JP,30,139,36.3,139.8,64.99,77,75,17.27,5/1/2021 - 9:19:41,Northern
354,bethel,US,55,-162,41.3712,-73.414,51.01,46,1,18.41,5/1/2021 - 9:16:43,Northern
361,ust-koksa,RU,50,85,50.2696,85.6108,34.74,92,61,2.89,5/1/2021 - 9:19:42,Northern
362,fare,PF,-16,-151,-16.7,-151.0167,80.62,73,98,8.59,5/1/2021 - 9:19:42,Southern
364,ayagoz,KZ,47,80,47.9714,80.4392,48.02,49,84,14.07,5/1/2021 - 9:19:43,Northern
366,kasongo-lunda,CD,-8,17,-6.4667,16.8167,70.99,98,100,1.97,5/1/2021 - 9:19:43,Southern
367,aksu,CN,40,79,41.1231,80.2644,81.61,10,80,8.3,5/1/2021 - 9:19:43,Northern
369,necochea,AR,-43,-58,-38.5473,-58.7368,66.99,62,99,5.99,5/1/2021 - 9:19:44,Southern
372,port alfred,ZA,-51,32,-33.5906,26.891,66.81,53,0,9.28,5/1/2021 - 9:16:29,Southern
380,gao,ML,17,-1,16.6362,1.637,107.76,5,3,12.46,5/1/2021 - 9:19:45,Northern
387,am timan,TD,12,20,11.0297,20.2827,100.22,20,93,4.68,5/1/2021 - 9:19:46,Northern
389,tura,IN,68,100,25.5198,90.2201,75.58,56,7,4.38,5/1/2021 - 9:19:47,Northern
395,arua,UG,3,31,3.0201,30.9111,82.02,46,58,5.03,5/1/2021 - 9:19:47,Northern
401,flinders,AU,-37,131,-34.5833,150.8552,62.01,87,25,1.01,5/1/2021 - 9:19:48,Southern
402,kununurra,AU,-20,129,-15.7667,128.7333,68,83,0,4.7,5/1/2021 - 9:19:48,Southern
403,anloga,GH,2,3,5.7947,0.8973,91.4,62,20,12.66,5/1/2021 - 9:16:16,Northern
405,erie,US,40,-105,42.7667,-78.6664,45,59,9,7,5/1/2021 - 9:19:49,Northern
406,staryy nadym,RU,66,73,65.6118,72.6842,28.83,87,48,0.69,5/1/2021 - 9:19:49,Northern
411,batangafo,CF,7,18,7.3008,18.2833,82.44,58,98,8.14,5/1/2021 - 9:19:50,Northern
412,havre,FR,48,-109,49.5833,0.3333,52,71,0,14.97,5/1/2021 - 9:19:50,Northern
413,freetown,SL,17,-61,8.484,-13.2299,85.06,63,66,11.03,5/1/2021 - 9:15:1,Northern
415,usinsk,RU,67,58,65.9939,57.5281,34.36,94,100,17.2,5/1/2021 - 9:19:51,Northern
416,barrow,US,76,-160,71.2906,-156.7887,19.4,93,90,8.05,5/1/2021 - 9:16:33,Northern
417,toora-khem,RU,54,96,52.4675,96.11,36.57,88,100,5.99,5/1/2021 - 9:19:51,Northern
418,price,US,48,-68,39.5994,-110.8107,55.4,47,1,3.44,5/1/2021 - 9:19:52,Northern
420,la ronge,CA,63,-104,55.1001,-105.2842,48.2,66,90,5.75,5/1/2021 - 9:19:52,Northern
428,inhambane,MZ,-27,38,-23.865,35.3833,78.8,65,40,23.02,5/1/2021 - 9:19:53,Southern
429,aden,YE,12,45,12.7794,45.0367,85.78,64,94,6.76,5/1/2021 - 9:14:56,Northern
432,estelle,US,29,-90,29.8458,-90.1067,75.99,69,75,10.36,5/1/2021 - 9:19:54,Northern
435,bathsheba,BB,21,-44,13.2167,-59.5167,84.2,58,40,19.57,5/1/2021 - 9:18:2,Northern
436,starosubkhangulovo,RU,53,57,53.1031,57.4423,56.59,47,99,9.35,5/1/2021 - 9:19:54,Northern
438,elko,US,41,-115,41.0002,-115.5012,55.99,61,1,6.91,5/1/2021 - 9:19:43,Northern
443,nanakuli,US,6,-168,21.3906,-158.1547,75,88,20,10.92,5/1/2021 - 9:19:55,Northern
448,tasiilaq,GL,71,-33,65.6145,-37.6368,28.4,93,75,5.75,5/1/2021 - 9:17:32,Northern
449,rosetta,EG,32,31,31.4044,30.4164,87.8,14,0,9.22,5/1/2021 - 9:19:56,Northern
451,dudinka,RU,72,87,69.4058,86.1778,25.57,92,47,5.82,5/1/2021 - 9:19:57,Northern
454,airai,TL,10,137,-8.9266,125.4092,58.3,90,97,3.33,5/1/2021 - 9:17:36,Southern
456,velingara,SN,13,-14,13.15,-14.1167,106.03,14,12,6.96,5/1/2021 - 9:19:57,Northern
459,katsuura,JP,28,148,35.1333,140.3,66.2,88,75,12.66,5/1/2021 - 9:17:6,Northern
462,pangnirtung,CA,68,-64,66.1451,-65.7125,35.6,80,90,2.3,5/1/2021 - 9:16:43,Northern
463,kango,GA,0,10,0.1943,10.0951,90.63,58,87,2.55,5/1/2021 - 9:19:58,Northern
465,kristinehamn,SE,60,14,59.3098,14.1081,53.6,32,40,9.22,5/1/2021 - 9:20:0,Northern
469,willowmore,ZA,-33,24,-33.2926,23.4895,65.66,23,0,1.19,5/1/2021 - 9:20:0,Southern
471,port macquarie,AU,-34,160,-31.4333,152.9167,59,99,56,4.56,5/1/2021 - 9:18:9,Southern
474,port hardy,CA,44,-133,50.6996,-127.4199,44.6,100,75,2.3,5/1/2021 - 9:16:44,Northern
475,gornoye loo,RU,43,39,43.7129,39.6049,62.01,77,20,6.71,5/1/2021 - 9:20:1,Northern
477,arraial do cabo,BR,-44,-28,-22.9661,-42.0278,73.4,68,75,5.75,5/1/2021 - 9:16:27,Southern
478,luena,AO,-14,20,-11.7833,19.9167,80.6,57,75,3.91,5/1/2021 - 9:20:3,Southern
481,fez,MA,34,-5,34.0372,-4.9998,64.4,48,75,4.61,5/1/2021 - 9:20:4,Northern
482,mgandu,TZ,-6,34,-5.95,34.1333,70.61,72,86,5.75,5/1/2021 - 9:20:4,Southern
483,goure,NE,16,12,13.9835,10.2704,105.01,3,6,8.01,5/1/2021 - 9:20:5,Northern
484,puerto baquerizo moreno,EC,2,-89,-0.9,-89.6,78.8,78,40,9.22,5/1/2021 - 9:20:5,Southern
485,coxim,BR,-18,-56,-18.5067,-54.76,88.74,33,0,7,5/1/2021 - 9:20:5,Southern
486,grand gaube,MU,-18,59,-20.0064,57.6608,78.01,85,15,1.99,5/1/2021 - 9:16:29,Southern
493,zerbst,DE,52,12,51.9667,12.0833,59,49,100,3,5/1/2021 - 9:20:6,Northern
494,alcudia,ES,40,3,39.8532,3.1214,68,68,56,7,5/1/2021 - 9:20:7,Northern
497,dali,CN,25,101,25.7,100.1833,63.1,61,61,4.03,5/1/2021 - 9:20:7,Northern
502,innisfail,AU,-17,149,-17.5333,146.0333,69.28,91,49,5.26,5/1/2021 - 9:20:8,Southern
504,san juan,AR,22,-66,-31.5375,-68.5364,67.32,44,47,2.37,5/1/2021 - 9:20:8,Southern
506,cap malheureux,MU,-17,57,-19.9842,57.6142,78.01,86,14,3,5/1/2021 - 9:20:9,Southern
507,tiznit,MA,27,-8,29.5833,-9.5,68.32,37,100,11.83,5/1/2021 - 9:19:53,Northern
509,kieta,PG,1,161,-6.2167,155.6333,78.46,82,15,1.99,5/1/2021 - 9:20:9,Southern
510,puerto escondido,MX,5,-101,15.85,-97.0667,80.6,78,75,3.44,5/1/2021 - 9:17:57,Northern
516,nyurba,RU,64,118,63.2842,118.3319,34.63,99,100,3.83,5/1/2021 - 9:20:10,Northern
523,staden,BE,51,3,50.9504,3.0183,54,51,27,4,5/1/2021 - 9:20:11,Northern
525,the valley,AI,21,-61,18.217,-63.0578,86,65,40,14.97,5/1/2021 - 9:17:31,Northern
526,megion,RU,61,76,61.0296,76.1136,39.2,70,40,4.47,5/1/2021 - 9:20:12,Northern
527,kluczbork,PL,51,18,50.9728,18.2182,54,59,100,1.99,5/1/2021 - 9:20:12,Northern
531,mogadishu,SO,0,48,2.0371,45.3438,87.8,62,20,8.05,5/1/2021 - 9:20:13,Northern
533,olga,RU,43,136,43.7444,135.2892,37.74,92,100,5.21,5/1/2021 - 9:20:13,Northern
535,medea,DZ,36,3,36.2642,2.7539,71.6,49,20,16.11,5/1/2021 - 9:20:14,Northern
537,nome,US,70,-164,64.5011,-165.4064,21.2,79,90,9.22,5/1/2021 - 9:20:14,Northern
539,tuatapere,NZ,-60,158,-46.1333,167.6833,44.01,88,2,5.01,5/1/2021 - 9:20:14,Southern
540,miraflores,MX,-1,-72,19.2167,-98.8083,64.4,68,1,4.25,5/1/2021 - 9:20:15,Northern
541,verkhnetulomskiy,RU,69,32,68.6073,31.7962,37.4,30,0,2.24,5/1/2021 - 9:20:15,Northern
542,progreso,MX,23,-91,21.2833,-89.6667,82.99,74,40,11.5,5/1/2021 - 9:20:15,Northern
545,langley park,US,39,-77,38.9887,-76.9814,55.4,26,1,9.22,5/1/2021 - 9:20:16,Northern
546,turki,RU,52,43,51.987,43.2731,59.31,79,100,10.38,5/1/2021 - 9:20:16,Northern
548,kruisfontein,ZA,-83,28,-34.0033,24.7314,66.99,57,0,4,5/1/2021 - 9:17:20,Southern
550,acarau,BR,6,-40,-2.8856,-40.12,80.65,79,98,8.59,5/1/2021 - 9:20:17,Southern
551,pavilosta,LV,58,20,56.8879,21.1859,46.4,34,75,10.36,5/1/2021 - 9:20:17,Northern
552,buala,SB,-6,159,-8.145,159.5921,79.56,79,78,1.36,5/1/2021 - 9:17:22,Southern
553,bandarbeyla,SO,8,61,9.4942,50.8122,85.87,67,100,11.86,5/1/2021 - 9:16:49,Northern
554,arlit,NE,22,7,18.7369,7.3853,106.45,2,3,2.77,5/1/2021 - 9:20:18,Northern
555,chippewa falls,US,46,-91,44.9369,-91.3929,62.6,36,1,16.11,5/1/2021 - 9:15:2,Northern
566,vostok,RU,50,149,46.4856,135.8833,34.39,75,0,2.01,5/1/2021 - 9:17:59,Northern
567,aklavik,CA,68,-135,68.2191,-135.0107,23,93,90,11.5,5/1/2021 - 9:20:19,Northern
568,karratha,AU,-16,111,-20.7377,116.8463,82.45,58,23,6.78,5/1/2021 - 9:20:19,Southern
571,gisborne,NZ,-41,179,-38.6533,178.0042,53.01,65,77,1.99,5/1/2021 - 9:20:14,Southern
575,nantucket,US,36,-69,41.2835,-70.0995,51.8,62,1,18.41,5/1/2021 - 9:18:58,Northern
582,mattru,SL,3,-15,7.6244,-11.8332,97.93,39,83,3.62,5/1/2021 - 9:20:21,Northern
587,tiruchchendur,IN,8,79,8.4833,78.1167,85.19,69,82,10.65,5/1/2021 - 9:20:22,Northern
588,darlawn,IN,24,93,24.0167,92.9,66.4,85,99,2.06,5/1/2021 - 9:20:22,Northern
594,meulaboh,ID,-3,91,4.1363,96.1285,80.33,81,100,0.51,5/1/2021 - 9:20:23,Northern
596,adzope,CI,6,-4,6.1069,-3.8619,99.14,35,19,3.67,5/1/2021 - 9:20:23,Northern
598,shepetivka,UA,50,27,50.1855,27.0637,59.81,81,100,9.33,5/1/2021 - 9:20:24,Northern
599,tello,CO,3,-75,3.0669,-75.1378,75.11,73,23,1.92,5/1/2021 - 9:20:24,Northern
600,kurumkan,RU,54,111,54.3,110.3,39.31,77,100,3.56,5/1/2021 - 9:20:24,Northern
602,rawson,AR,-45,-62,-43.3002,-65.1023,63.93,50,100,15.48,5/1/2021 - 9:17:37,Southern
604,muros,ES,45,-15,42.7762,-9.0603,62.01,48,84,14.92,5/1/2021 - 9:20:25,Northern
605,lahij,YE,14,46,13.1667,44.5833,85.84,51,79,9.1,5/1/2021 - 9:20:25,Northern
606,solnechnyy,RU,59,137,50.7214,136.6319,36.61,79,100,6.8,5/1/2021 - 9:20:26,Northern
607,sola,VU,-15,169,-13.8833,167.55,79.02,76,100,15.59,5/1/2021 - 9:20:26,Southern
614,itarema,BR,9,-36,-2.9248,-39.9167,81.28,77,100,8.39,5/1/2021 - 9:17:57,Southern
615,coquimbo,CL,-31,-76,-29.9533,-71.3436,60.8,63,0,10.36,5/1/2021 - 9:20:27,Southern
616,almazar,UZ,41,69,40.3217,69.0106,64.4,82,90,2.24,5/1/2021 - 9:20:27,Northern
619,catamarca,AR,-28,-66,-28.4696,-65.7852,66.99,51,10,1.99,5/1/2021 - 9:15:55,Southern
620,batagay-alyta,RU,69,132,67.8006,130.4114,19.4,93,97,4.36,5/1/2021 - 9:20:28,Northern
626,puno,PE,-16,-70,-15.8333,-70.0333,48.2,23,0,2.3,5/1/2021 - 9:20:29,Southern
628,guaraniacu,BR,-25,-53,-25.1008,-52.8781,69.8,60,0,16.11,5/1/2021 - 9:20:29,Southern
632,beringovskiy,RU,57,177,63.05,179.3167,23.18,81,100,12.06,5/1/2021 - 9:16:36,Northern
640,egvekinot,RU,63,-179,66.3167,-179.1667,11.55,89,100,4.21,5/1/2021 - 9:20:31,Northern
642,port elizabeth,ZA,-79,31,-33.918,25.5701,68,49,0,11.5,5/1/2021 - 9:13:27,Southern
643,dicabisagan,PH,16,124,17.0818,122.4157,77.4,86,8,1.95,5/1/2021 - 9:20:31,Northern
646,douentza,ML,15,-3,14.9951,-2.9517,105.28,15,3,12.21,5/1/2021 - 9:20:32,Northern
651,tahoua,NE,16,4,14.8888,5.2692,105.8,8,0,2.3,5/1/2021 - 9:20:32,Northern
653,redlands,US,39,-109,34.0556,-117.1825,63,36,40,2.17,5/1/2021 - 9:20:33,Northern
654,nara,JP,18,-8,34.6851,135.8049,61,60,99,5.99,5/1/2021 - 9:20:33,Northern
655,barcelos,PT,1,-62,41.5388,-8.6151,62.01,62,20,16.11,5/1/2021 - 9:18:5,Northern
660,george,ZA,-36,22,-33.963,22.4617,64.4,52,0,8.05,5/1/2021 - 9:20:34,Southern
661,shimoda,JP,29,140,34.6667,138.95,61,88,75,4.61,5/1/2021 - 9:17:46,Northern
665,brandon,US,32,-90,27.9378,-82.2859,80.6,69,1,5.75,5/1/2021 - 9:20:35,Northern
666,hamilton,US,26,-60,39.1834,-84.5333,53.01,54,1,8.05,5/1/2021 - 9:14:59,Northern
667,vasilsursk,RU,56,46,56.1275,46.0072,49.77,74,100,8.37,5/1/2021 - 9:20:35,Northern
668,benjamin constant,BR,-5,-70,-4.3831,-70.0311,75.2,88,75,2.3,5/1/2021 - 9:20:36,Southern
669,chuy,UY,-61,-26,-33.6971,-53.4616,70.05,66,0,7.14,5/1/2021 - 9:17:31,Southern
670,sorland,NO,71,7,67.667,12.6934,37.4,70,75,13.8,5/1/2021 - 9:20:36,Northern
671,colonial heights,US,37,-78,37.268,-77.4073,57.99,28,1,8.05,5/1/2021 - 9:20:36,Northern
673,oriximina,BR,0,-56,-1.7656,-55.8661,82.22,73,100,2.8,5/1/2021 - 9:20:37,Southern
677,broome,US,-17,124,42.2506,-75.833,37,86,90,11.5,5/1/2021 - 9:20:37,Northern
682,batagay,RU,67,135,67.6333,134.6333,30.58,80,100,2.48,5/1/2021 - 9:20:38,Northern
686,ust-kuyga,RU,70,137,70.0167,135.6,27.21,96,100,2.21,5/1/2021 - 9:12:10,Northern
688,dandong,CN,39,125,40.1292,124.3947,49.68,61,100,1.28,5/1/2021 - 9:20:39,Northern
690,lavrentiya,RU,72,-168,65.5833,-171,7.54,89,69,5.46,5/1/2021 - 9:20:39,Northern
692,myitkyina,MM,27,98,25.3833,97.4,71.98,86,28,3.67,5/1/2021 - 9:20:40,Northern
697,walvis bay,NA,-25,13,-22.9575,14.5053,69.8,56,0,8.05,5/1/2021 - 9:20:40,Southern
698,kirakira,SB,-10,163,-10.4544,161.9205,77.81,86,99,5.48,5/1/2021 - 9:18:6,Southern
701,grajau,BR,-5,-46,-5.8194,-46.1386,83.84,62,100,8.41,5/1/2021 - 9:20:41,Southern
702,toktogul,KG,42,74,41.8708,72.9402,65.37,58,100,1.88,5/1/2021 - 9:20:41,Northern
713,saldanha,ZA,-34,10,-33.0117,17.9442,75.2,31,5,6.91,5/1/2021 - 9:17:1,Southern
716,mankato,US,44,-94,44.1636,-93.9994,69.8,37,1,16.11,5/1/2021 - 9:20:43,Northern
718,alice springs,AU,-26,136,-23.7,133.8833,60.8,41,54,3.6,5/1/2021 - 9:20:43,Southern
719,kenora,CA,52,-94,49.8167,-94.4337,51.8,43,40,10.36,5/1/2021 - 9:20:44,Northern
724,denpasar,ID,-13,114,-8.65,115.2167,80.6,89,20,5.75,5/1/2021 - 9:17:33,Southern
728,shieli,KZ,44,66,44.1667,66.75,68.94,19,100,19.91,5/1/2021 - 9:20:45,Northern
735,otautau,NZ,-46,168,-46.15,168,44.01,88,2,5.01,5/1/2021 - 9:20:46,Southern
737,karpogory,RU,64,44,64.0019,44.4451,40.82,35,100,10.83,5/1/2021 - 9:20:46,Northern
739,kenai,US,64,-156,60.5544,-151.2583,24.8,86,1,3.44,5/1/2021 - 9:18:3,Northern
749,yerbogachen,RU,61,110,61.2767,108.0108,33.64,89,100,3.69,5/1/2021 - 9:17:50,Northern
750,pevek,RU,84,174,69.7008,170.3133,6.03,96,100,7.16,5/1/2021 - 9:17:16,Northern
754,bourail,NC,-24,164,-21.5667,165.4833,69.73,84,98,4.29,5/1/2021 - 9:20:48,Southern
758,iskateley,RU,68,53,67.6803,53.1512,34.16,97,100,18.68,5/1/2021 - 9:20:49,Northern
759,poopo,BO,-19,-68,-18.3667,-66.9667,46.4,53,77,3.22,5/1/2021 - 9:20:49,Southern
760,lasa,IT,33,92,46.6166,10.7002,60.01,81,40,10.36,5/1/2021 - 9:20:50,Northern
769,caborca,MX,30,-113,30.5838,-111.101,69.15,28,0,4.81,5/1/2021 - 9:20:51,Northern
772,khandbari,NP,31,87,27.3747,87.2039,64.78,82,85,3.56,5/1/2021 - 9:20:51,Northern
773,axim,GH,-2,-2,4.8699,-2.2405,87.48,63,89,10.69,5/1/2021 - 9:20:51,Northern
775,benito juarez,MX,30,-108,19.385,-99.165,64.4,68,1,2.71,5/1/2021 - 9:20:52,Northern
777,saint anthony,US,54,-51,45.0205,-93.218,68,39,1,6.91,5/1/2021 - 9:20:52,Northern
782,amapa,BR,4,-49,1,-52,85.35,62,82,0.98,5/1/2021 - 9:20:53,Northern
785,xiangfan,CN,32,112,32.0422,112.1448,72.03,52,0,4.83,5/1/2021 - 9:20:54,Northern
788,poum,NC,-23,160,-20.2333,164.0167,76.01,72,97,9.71,5/1/2021 - 9:17:13,Southern
789,kamaishi,JP,38,144,39.2667,141.8833,49.69,93,100,10.27,5/1/2021 - 9:20:54,Northern
794,vila franca do campo,PT,38,-24,37.7167,-25.4333,60.8,77,75,10.36,5/1/2021 - 9:20:55,Northern
798,geraldton,AU,-28,118,-28.7667,114.6,62.6,63,100,8.05,5/1/2021 - 9:18:16,Southern
799,fort saint james,CA,55,-125,54.4333,-124.25,37.99,75,56,3.8,5/1/2021 - 9:20:56,Northern
800,imbituba,BR,-29,-47,-28.24,-48.6703,72,68,75,5.75,5/1/2021 - 9:20:56,Southern
801,port hawkesbury,CA,43,-61,45.6169,-61.3485,41,100,90,16.11,5/1/2021 - 9:17:18,Northern
807,los llanos de aridane,ES,30,-23,28.6585,-17.9182,71.6,60,40,6.91,5/1/2021 - 9:20:57,Northern
809,santa rosa,PH,-17,-62,14.3122,121.1114,84,81,31,4,5/1/2021 - 9:15:57,Northern
811,northam,GB,-30,116,51.0333,-4.2167,53.01,66,83,1.99,5/1/2021 - 9:20:58,Northern
814,akdepe,TM,42,59,42.0551,59.3788,75.2,17,0,16.11,5/1/2021 - 9:20:58,Northern
815,touros,BR,1,-30,-5.1989,-35.4608,87.8,51,40,11.5,5/1/2021 - 9:20:58,Southern
821,lingao,CN,20,109,19.9103,109.6859,78.44,84,86,5.61,5/1/2021 - 9:20:59,Northern
823,hobyo,SO,2,53,5.3505,48.5268,86.32,61,85,11.36,5/1/2021 - 9:21:0,Northern
825,ketchikan,US,55,-134,55.3422,-131.6461,44.6,100,90,3.44,5/1/2021 - 9:15:42,Northern
830,tateyama,JP,22,144,34.9833,139.8667,66.2,88,75,12.66,5/1/2021 - 9:21:1,Northern
834,nemyriv,UA,49,29,48.9708,28.8378,73,49,40,4.47,5/1/2021 - 9:21:1,Northern
835,beyneu,KZ,47,56,45.3167,55.2,76.33,23,72,13.94,5/1/2021 - 9:21:2,Northern
837,port blair,IN,8,91,11.6667,92.75,84.4,70,70,3.49,5/1/2021 - 9:21:2,Northern
839,tiarei,PF,-17,-149,-17.5333,-149.3333,78.8,78,40,8.05,5/1/2021 - 9:21:3,Southern
841,salekhard,RU,66,67,66.53,66.6019,29.26,85,100,12.39,5/1/2021 - 9:21:3,Northern
847,hofn,IS,65,-15,64.2539,-15.2082,39.54,63,95,15.37,5/1/2021 - 9:16:34,Northern
850,mandera,KE,4,42,3.9366,41.867,87.01,54,84,7.67,5/1/2021 - 9:21:4,Northern
851,ballina,AU,-30,156,-28.8667,153.5667,69.8,68,83,9.22,5/1/2021 - 9:21:5,Southern
852,vitim,RU,59,113,59.4511,112.5578,33.87,98,100,4.12,5/1/2021 - 9:21:5,Northern
853,hastings,GB,40,-98,50.8552,0.5729,52,60,66,4,5/1/2021 - 9:21:5,Northern
855,berbera,SO,11,45,10.4396,45.0143,87.3,65,52,10.47,5/1/2021 - 9:21:6,Northern
856,aliaga,PH,39,27,15.5167,120.8667,84.2,74,75,4.61,5/1/2021 - 9:21:6,Northern
859,sur,OM,22,62,22.5667,59.5289,88.47,40,66,15.73,5/1/2021 - 9:21:7,Northern
860,rocha,UY,-37,-52,-34.4833,-54.3333,68.58,65,0,7.94,5/1/2021 - 9:21:7,Southern
862,makat,KZ,49,54,47.6469,53.3463,77.43,18,28,6.91,5/1/2021 - 9:21:8,Northern
873,alice town,BS,26,-79,25.7167,-79.3,78.66,73,90,9.62,5/1/2021 - 9:21:9,Northern
877,marti,CU,23,-81,22.9475,-80.9203,82.4,51,20,8.05,5/1/2021 - 9:21:10,Northern
879,storforshei,NO,66,15,66.4043,14.5233,42.01,80,75,9.22,5/1/2021 - 9:21:10,Northern
880,sharjah,AE,26,56,25.3573,55.4033,89.6,45,0,10.36,5/1/2021 - 9:20:48,Northern
884,mount isa,AU,-24,140,-20.7333,139.5,68,45,40,9.6,5/1/2021 - 9:18:20,Southern
886,gravdal,NO,72,13,68.1214,13.5031,37.4,70,75,13.8,5/1/2021 - 9:21:11,Northern
888,wanaka,NZ,-45,169,-44.7,169.15,43.36,70,3,2.3,5/1/2021 - 9:21:12,Southern
890,vardo,NO,82,34,70.3705,31.1107,33.8,75,40,4.61,5/1/2021 - 9:17:55,Northern
891,baijiantan,CN,46,85,45.6333,85.1833,62.82,22,49,25.93,5/1/2021 - 9:21:12,Northern
895,ahipara,NZ,-36,164,-35.1667,173.1667,57.07,73,27,6.55,5/1/2021 - 9:21:13,Southern
898,ustka,PL,55,17,54.5805,16.8619,50.34,48,84,13.42,5/1/2021 - 9:21:13,Northern
899,eyl,SO,4,57,7.9803,49.8164,86.11,62,100,10.42,5/1/2021 - 9:21:14,Northern
900,longyan,CN,25,116,25.1072,117.0225,70.45,55,41,1.01,5/1/2021 - 9:21:14,Northern
901,road town,VG,22,-65,18.4167,-64.6167,82.4,69,40,11.5,5/1/2021 - 9:21:14,Northern
902,bom jesus,BR,-9,-44,-9.0744,-44.3586,87.42,45,100,10.25,5/1/2021 - 9:21:15,Southern
903,ewa beach,US,18,-159,21.3156,-158.0072,75.2,69,20,5.75,5/1/2021 - 9:21:15,Northern
904,mildmay,CA,44,-81,44.0501,-81.1164,46,45,66,4.61,5/1/2021 - 9:21:15,Northern
905,omsukchan,RU,62,157,62.5333,155.8,20.8,98,100,1.12,5/1/2021 - 9:21:16,Northern
911,nagato,JP,37,130,34.3833,131.2,59,55,75,23.02,5/1/2021 - 9:21:16,Northern
914,palmer,US,60,-148,42.1584,-72.3287,48.2,49,40,12.66,5/1/2021 - 9:14:35,Northern
923,jaciara,BR,-16,-55,-15.9653,-54.9683,84.4,53,39,5.75,5/1/2021 - 9:21:18,Southern
930,muncar,ID,-11,114,-8.4333,114.3333,77.9,88,47,2.77,5/1/2021 - 9:21:19,Southern
934,zyryanka,RU,68,151,65.75,150.85,24.03,96,73,3.04,5/1/2021 - 9:21:19,Northern
937,tilichiki,RU,59,166,60.4667,166.1,8.58,90,15,9.95,5/1/2021 - 9:21:20,Northern
942,lind,DK,56,9,56.1,8.9833,54,54,90,8.05,5/1/2021 - 9:21:21,Northern
943,sibolga,ID,-1,95,1.7427,98.7792,79.59,86,100,2.71,5/1/2021 - 9:17:12,Northern
949,betare oya,CM,6,14,5.6,14.0833,90.81,41,71,1.77,5/1/2021 - 9:21:22,Northern
950,kamenka,RU,66,43,51.3223,42.7678,64,75,94,9.75,5/1/2021 - 9:17:54,Northern
953,riyadh,SA,24,45,24.6877,46.7219,98.6,11,0,10.36,5/1/2021 - 9:21:22,Northern
954,gombong,ID,-9,109,-7.6072,109.5142,59,100,93,4.16,5/1/2021 - 9:21:23,Southern
955,kapuskasing,CA,49,-83,49.4169,-82.4331,41,52,100,13.8,5/1/2021 - 9:21:23,Northern
957,machilipatnam,IN,15,82,16.1667,81.1333,89.6,55,20,4.61,5/1/2021 - 9:21:23,Northern
960,sergiyevsk,RU,54,51,53.9413,51.165,57.33,53,98,20.67,5/1/2021 - 9:21:24,Northern
961,izamal,MX,21,-89,20.9333,-89.0167,82.99,74,40,11.5,5/1/2021 - 9:21:24,Northern
965,puerto cabezas,NI,14,-82,14.0351,-83.3888,86,74,75,4.61,5/1/2021 - 9:21:25,Northern
968,moree,AU,-29,148,-29.4667,149.85,57.2,77,98,10.36,5/1/2021 - 9:21:25,Southern
978,vanimo,PG,-1,140,-2.6741,141.3028,78.62,86,99,3.98,5/1/2021 - 9:21:26,Southern
979,cheltenham,GB,52,-2,51.9,-2.0833,54,47,20,4.61,5/1/2021 - 9:21:27,Northern
984,sistranda,NO,65,9,63.7256,8.834,42.8,56,20,11.5,5/1/2021 - 9:21:28,Northern
985,anzio,IT,41,12,41.4853,12.6179,64,95,100,10,5/1/2021 - 9:21:28,Northern
997,zhigansk,RU,68,120,66.7697,123.3711,30.88,93,100,4.36,5/1/2021 - 9:21:29,Northern
998,tondano,ID,1,125,1.3038,124.9112,77,94,40,1.79,5/1/2021 - 9:21:30,Northern
999,havre-saint-pierre,CA,52,-63,50.2334,-63.5986,46.4,66,90,13.8,5/1/2021 - 9:18:5,Northern
1004,lorengau,PG,9,147,-2.0226,147.2712,80.71,79,83,1.3,5/1/2021 - 9:17:20,Southern
1010,junin,AR,-35,-61,-34.5838,-60.9433,67.19,50,0,12.17,5/1/2021 - 9:20:8,Southern
1011,tazmalt,DZ,36,5,36.3868,4.3989,71.8,42,54,14.52,5/1/2021 - 9:21:31,Northern
1013,kazachinskoye,RU,58,94,57.6953,93.2761,42.42,78,89,4.74,5/1/2021 - 9:21:32,Northern
1014,normandin,CA,50,-73,48.8333,-72.5321,37.4,38,96,14.97,5/1/2021 - 9:21:32,Northern
1017,namibe,AO,-14,6,-15.1961,12.1522,78.8,69,20,25.32,5/1/2021 - 9:21:33,Southern
1029,bayan,CN,29,49,46.0833,127.4,48.22,66,93,5.19,5/1/2021 - 9:21:34,Northern
1031,ucluelet,CA,48,-125,48.9329,-125.5528,46.99,100,20,2.3,5/1/2021 - 9:21:34,Northern
1033,sinnar,SD,14,34,13.5691,33.5672,102.85,15,96,9.62,5/1/2021 - 9:21:35,Northern
1034,saquena,PE,-5,-73,-4.6667,-73.5167,80.33,72,16,1.25,5/1/2021 - 9:21:35,Southern
1036,araouane,ML,19,-6,18.9048,-3.5265,100.31,18,77,4.94,5/1/2021 - 9:21:36,Northern
1042,vila velha,BR,-25,-31,-20.3297,-40.2925,77,69,40,10.36,5/1/2021 - 9:17:11,Southern
1044,deputatskiy,RU,68,140,69.3,139.9,20.3,97,100,2.51,5/1/2021 - 9:21:37,Northern
1045,tocopilla,CL,-22,-75,-22.092,-70.1979,70.45,58,12,7.45,5/1/2021 - 9:18:15,Southern
1048,cremona,IT,45,10,45.2333,9.9333,64.99,76,100,1.01,5/1/2021 - 9:18:34,Northern
1049,tamsweg,AT,47,14,47.1281,13.811,61,57,85,8.08,5/1/2021 - 9:21:37,Northern
1050,flin flon,CA,58,-102,54.7682,-101.865,42.8,81,75,9.22,5/1/2021 - 9:21:38,Northern
1051,sakaraha,MG,-23,45,-22.9,44.5333,79.11,53,100,11.07,5/1/2021 - 9:21:38,Southern
1054,tanete,ID,-6,121,-3.9443,119.7848,74.97,93,75,1.72,5/1/2021 - 9:21:39,Southern
1057,cavalcante,BR,-14,-48,-13.7975,-47.4583,73.63,67,100,10.74,5/1/2021 - 9:21:39,Southern
1063,mirabad,AF,30,61,30.4362,61.8383,89.42,23,88,0.94,5/1/2021 - 9:21:40,Northern
1070,at-bashi,KG,41,77,41.1702,75.8106,60.15,38,99,1.66,5/1/2021 - 9:21:41,Northern
1073,verkhnyaya sinyachikha,RU,58,62,57.976,61.6673,59.7,40,100,15.59,5/1/2021 - 9:21:41,Northern
1079,filadelfia,US,-23,-61,39.9523,-75.1638,54,40,1,18.41,5/1/2021 - 9:19:35,Northern
1086,krasnoselkup,RU,63,81,65.7,82.4667,33.96,93,100,11.43,5/1/2021 - 9:21:43,Northern
1088,unai,BR,-16,-47,-16.3575,-46.9061,73.44,63,100,7.09,5/1/2021 - 9:21:43,Southern
1091,thunder bay,CA,47,-90,48.4001,-89.3168,46.4,61,40,8.05,5/1/2021 - 9:17:56,Northern
1092,turayf,SA,32,40,31.6725,38.6637,87.8,20,0,9.22,5/1/2021 - 9:21:44,Northern
1095,isangel,VU,-23,177,-19.55,169.2667,76.78,82,100,18.63,5/1/2021 - 9:16:35,Southern
1101,magadan,RU,57,150,59.5667,150.8,31.78,89,100,4.25,5/1/2021 - 9:21:45,Northern
1111,bunbury,AU,-33,115,-33.3333,115.6333,57.99,85,16,4.03,5/1/2021 - 9:21:46,Southern
1116,ayan,RU,58,138,56.45,138.1667,30.61,96,100,8.61,5/1/2021 - 9:21:47,Northern
1122,hobbs,US,33,-103,32.7026,-103.136,57,94,40,5.08,5/1/2021 - 9:19:10,Northern
1124,bara,NG,16,30,10.3744,10.7288,105.08,18,81,5.73,5/1/2021 - 9:17:29,Northern
1128,ambon,ID,-3,128,-3.6954,128.1814,81.48,78,45,7.18,5/1/2021 - 9:21:49,Southern
1129,langsa,ID,4,98,4.4683,97.9683,77.79,86,32,2.55,5/1/2021 - 9:20:18,Northern
1133,tautira,PF,-17,-144,-17.7333,-149.15,78.8,78,40,8.05,5/1/2021 - 9:21:49,Southern
1136,yershov,RU,51,48,51.3513,48.2766,62.74,49,100,10.71,5/1/2021 - 9:21:50,Northern
1139,anadyr,RU,65,175,64.75,177.4833,19.4,93,75,4.47,5/1/2021 - 9:21:50,Northern
1143,santa rosa del sur,CO,8,-74,7.9644,-74.0544,76.71,73,94,2.37,5/1/2021 - 9:21:51,Northern
1169,damietta,EG,33,32,31.4165,31.8133,78.8,44,0,11.5,5/1/2021 - 9:17:16,Northern
1176,komsomolskiy,UZ,74,173,40.4272,71.7189,68,68,75,11.5,5/1/2021 - 9:21:55,Northern
1182,mandalgovi,MN,45,107,45.7625,106.2708,49.71,27,4,25.17,5/1/2021 - 9:21:55,Northern
1186,fukue,JP,31,128,32.6881,128.8419,57.22,58,9,23.73,5/1/2021 - 9:21:56,Northern
1187,bad doberan,DE,54,12,54.1071,11.9005,53.01,81,75,10.36,5/1/2021 - 9:21:56,Northern
1192,paita,PE,-7,-86,-5.0892,-81.1144,73.4,73,75,11.5,5/1/2021 - 9:21:57,Southern
1195,copiapo,CL,-28,-70,-27.3667,-70.3333,60.8,67,0,3.44,5/1/2021 - 9:17:35,Southern
1197,shangzhi,CN,45,128,45.2167,127.9667,46.69,78,99,3.65,5/1/2021 - 9:21:58,Northern
1200,nishihara,JP,20,135,26.1842,127.7558,75.2,94,75,9.22,5/1/2021 - 9:21:58,Northern
1203,provideniya,RU,47,-174,64.3833,-173.3,20.91,75,99,5.26,5/1/2021 - 9:16:53,Northern
1204,sakakah,SA,28,40,29.9697,40.2064,93.2,6,0,18.41,5/1/2021 - 9:21:59,Northern
1208,inuvik,CA,68,-134,68.3499,-133.7218,17.6,92,100,4.61,5/1/2021 - 9:22:0,Northern
1209,qaqortoq,GL,66,-45,60.7167,-46.0333,50,20,1,29.93,5/1/2021 - 9:22:0,Northern
1216,madinat sittah uktubar,EG,30,30,29.8167,31.05,100,14,0,17.27,5/1/2021 - 9:22:1,Northern
1217,bryan,US,31,-96,30.6744,-96.37,69.8,94,1,10.36,5/1/2021 - 9:22:1,Northern
1220,taoudenni,ML,23,-4,22.6783,-3.9836,97.84,19,8,3.89,5/1/2021 - 9:22:2,Northern
1224,cap-aux-meules,CA,49,-62,47.3821,-61.8597,37.4,93,100,29.93,5/1/2021 - 9:22:2,Northern
1225,vila,PT,-17,170,42.0304,-8.1588,57.99,41,93,5.01,5/1/2021 - 9:22:3,Northern
1228,ponta delgada,PT,28,-28,37.7333,-25.6667,60.8,77,75,10.36,5/1/2021 - 9:22:3,Northern
1229,bubaque,GW,4,-22,11.2833,-15.8333,81.27,58,66,10.47,5/1/2021 - 9:22:4,Northern
1237,naze,JP,30,128,28.3667,129.4833,63.97,66,100,12.68,5/1/2021 - 9:22:5,Northern
1243,obo,CF,6,26,5.3998,26.4869,89.33,45,72,3.62,5/1/2021 - 9:22:5,Northern
1246,oktyabrskiy,RU,52,155,54.4815,53.471,58.68,47,99,20.22,5/1/2021 - 9:22:6,Northern
1249,beruwala,LK,6,79,6.4788,79.9828,80.51,82,100,5.66,5/1/2021 - 9:22:6,Northern
1252,eureka,US,41,-135,40.8021,-124.1637,53.01,98,100,3.36,5/1/2021 - 9:22:7,Northern
1258,dubbo,AU,-32,149,-32.25,148.6167,62.6,77,40,11.5,5/1/2021 - 9:22:8,Southern
1259,maragogi,BR,-17,-25,-9.0122,-35.2225,82.44,70,100,13.31,5/1/2021 - 9:22:8,Southern
1262,edson,CA,53,-116,53.5835,-116.4356,44.6,57,75,5.75,5/1/2021 - 9:22:9,Northern
1267,los banos,PH,37,-121,14.1667,121.1833,84,77,48,3,5/1/2021 - 9:20:3,Northern
1269,nayagarh,IN,20,85,20.1333,85.1,83.62,55,49,7.96,5/1/2021 - 9:22:10,Northern
1271,atambua,ID,-10,127,-9.1061,124.8925,71.98,84,97,5.03,5/1/2021 - 9:22:10,Southern
1273,tsiroanomandidy,MG,-19,46,-18.7667,46.0333,75.97,67,79,4.68,5/1/2021 - 9:22:10,Southern
1281,rabo de peixe,PT,43,-23,37.8,-25.5833,60.8,77,75,10.36,5/1/2021 - 9:22:11,Northern
1289,moranbah,AU,-22,147,-22.0016,148.0466,63.64,87,5,9.48,5/1/2021 - 9:22:12,Southern
1300,baykalsk,RU,51,104,51.5058,104.1469,34.29,99,100,1.28,5/1/2021 - 9:22:14,Northern
